api_url,api_id,api_name,ontology_code,curie,ontology_title,system,version
https://loinc.regenstrief.org/searchapi/,loinc,LOINC API,loinc,,"Logical Observation Identifiers, Names and Codes (LOINC)",http://loinc.org,
https://api-v3.monarchinitiative.org/v3/api/search?q=,monarch,Monarch API,chebi,CHEBI,Chemical Entities of Biological Interest,http://purl.obolibrary.org/obo/chebi.owl,http://purl.obolibrary.org/obo/chebi/236/chebi.owl
https://api-v3.monarchinitiative.org/v3/api/search?q=,monarch,Monarch API,ecto,ECTO,Environment Exposure Ontology,http://purl.obolibrary.org/obo/ecto.owl,http://purl.obolibrary.org/obo/ecto/releases/2023-02-14/ecto.owl
https://api-v3.monarchinitiative.org/v3/api/search?q=,monarch,Monarch API,go,GO,Gene Ontology,http://purl.obolibrary.org/obo/go/extensions/go-plus.owl,http://purl.obolibrary.org/obo/go/releases/2024-09-08/extensions/go-plus.owl
https://api-v3.monarchinitiative.org/v3/api/search?q=,monarch,Monarch API,hp,HP,Human Phenotype Ontology,http://purl.obolibrary.org/obo/hp/hp-international.owl,http://purl.obolibrary.org/obo/hp/releases/2024-08-13/hp-international.owl
https://api-v3.monarchinitiative.org/v3/api/search?q=,monarch,Monarch API,maxo,MAXO,Medical Action Ontology,http://purl.obolibrary.org/obo/maxo.owl,http://purl.obolibrary.org/obo/maxo/releases/2024-07-29/maxo.owl
https://api-v3.monarchinitiative.org/v3/api/search?q=,monarch,Monarch API,mondo,MONDO,Mondo Disease Ontology,http://purl.obolibrary.org/obo/mondo.owl,http://purl.obolibrary.org/obo/mondo/releases/2024-10-01/mondo.owl
https://api-v3.monarchinitiative.org/v3/api/search?q=,monarch,Monarch API,mp,MP,The Mammalian Phenotype Ontology,http://purl.obolibrary.org/obo/mp/mp-international.owl,http://purl.obolibrary.org/obo/mp/releases/2024-09-18/mp-international.owl
https://api-v3.monarchinitiative.org/v3/api/search?q=,monarch,Monarch API,mp,MP,Mammalian Phenotype Ontology,http://purl.obolibrary.org/obo/mp.owl,
https://api-v3.monarchinitiative.org/v3/api/search?q=,monarch,Monarch API,nbo,NBO,Neuro Behavior Ontology,http://purl.obolibrary.org/obo/nbo.owl,http://purl.obolibrary.org/obo/nbo/releases/2023-07-04/nbo.owl
https://api-v3.monarchinitiative.org/v3/api/search?q=,monarch,Monarch API,nbo,NBO,Neurobehavior Ontology,http://purl.obolibrary.org/obo/nbo.owl,
https://api-v3.monarchinitiative.org/v3/api/search?q=,monarch,Monarch API,pato,PATO,PATO - the Phenotype And Trait Ontology,http://purl.obolibrary.org/obo/pato.owl,http://purl.obolibrary.org/obo/pato/releases/2024-09-04/pato.owl
https://api-v3.monarchinitiative.org/v3/api/search?q=,monarch,Monarch API,ro,RO,Relation Ontology,http://purl.obolibrary.org/obo/ro.owl,http://purl.obolibrary.org/obo/ro/releases/2024-04-24/ro.owl
https://api-v3.monarchinitiative.org/v3/api/search?q=,monarch,Monarch API,snomed,SNOMED,SNOMED CT (International Edition),file:///nfs/production/parkinso/spot/ols4/prod/local_ontologies/snomed-inferred.owl,http://snomed.info/sct/900000000000207008/version/20200131
https://api-v3.monarchinitiative.org/v3/api/search?q=,monarch,Monarch API,uberon,UBERON,Uber-anatomy ontology,http://purl.obolibrary.org/obo/uberon.owl,http://purl.obolibrary.org/obo/uberon/releases/2024-09-03/uberon.owl
https://www.ebi.ac.uk/ols4/api/,ols,Ontology Lookup Service,ado,ADO,Alzheimer's Disease Ontology (ADO),http://purl.obolibrary.org/obo/ado.owl,http://purl.obolibrary.org/obo/ado/releases/2023-09-20/ado.owl
https://www.ebi.ac.uk/ols4/api/,ols,Ontology Lookup Service,aeo,AEO,Anatomical Entity Ontology,http://purl.obolibrary.org/obo/aeo.owl,http://purl.obolibrary.org/obo/aeo/releases/2014-12-05/aeo.owl
https://www.ebi.ac.uk/ols4/api/,ols,Ontology Lookup Service,afo,AFO,Allotrope Merged Ontology Suite,http://purl.allotrope.org/voc/afo/latest.xml,http://purl.allotrope.org/voc/afo/merged/REC/2024/09/merged-without-qudt-and-inferred
https://www.ebi.ac.uk/ols4/api/,ols,Ontology Lookup Service,agro,AGRO,Agronomy Ontology,http://purl.obolibrary.org/obo/agro.owl,http://purl.obolibrary.org/obo/agro/releases/2022-11-02/agro.owl
https://www.ebi.ac.uk/ols4/api/,ols,Ontology Lookup Service,aism,AISM,Ontology for the Anatomy of the Insect SkeletoMuscular system,http://purl.obolibrary.org/obo/aism.owl,http://purl.obolibrary.org/obo/aism/releases/2024-06-20/aism.owl
https://www.ebi.ac.uk/ols4/api/,ols,Ontology Lookup Service,amphx,AMPHX,Amphioxus Development and Anatomy Ontology (AMPHX),http://purl.obolibrary.org/obo/amphx.owl,http://purl.obolibrary.org/obo/amphx/releases/2020-12-18/amphx.owl
https://www.ebi.ac.uk/ols4/api/,ols,Ontology Lookup Service,apo,APO,Ascomycete Phenotype Ontology (APO),http://purl.obolibrary.org/obo/apo.owl,http://purl.obolibrary.org/obo/apo/releases/2024-09-18/apo.owl
https://www.ebi.ac.uk/ols4/api/,ols,Ontology Lookup Service,apollo_sv,APOLLO_SV,Apollo Structured Vocabulary (Apollo-SV),http://purl.obolibrary.org/obo/apollo_sv.owl,http://purl.obolibrary.org/obo/apollo_sv/releases/2024-08-15/apollo_sv.owl
https://www.ebi.ac.uk/ols4/api/,ols,Ontology Lookup Service,aro,ARO,Antibiotic Resistance Ontology,http://purl.obolibrary.org/obo/aro.owl,
https://www.ebi.ac.uk/ols4/api/,ols,Ontology Lookup Service,afpo,AfPO,African Population Ontology,http://purl.obolibrary.org/obo/afpo.owl,http://purl.obolibrary.org/obo/afpo/releases/2024-03-21/afpo.owl
https://www.ebi.ac.uk/ols4/api/,ols,Ontology Lookup Service,bao,BAO,BioAssay Ontology,http://www.bioassayontology.org/bao/,http://www.bioassayontology.org/bao/bao_complete.owl
https://www.ebi.ac.uk/ols4/api/,ols,Ontology Lookup Service,bcio,BCIO,The Behaviour Change Intervention Ontology,http://humanbehaviourchange.org/ontology/bcio.owl,http://humanbehaviourchange.org/ontology/bcio.owl/2024-09-17
https://www.ebi.ac.uk/ols4/api/,ols,Ontology Lookup Service,bco,BCO,Biological Collections Ontology,http://purl.obolibrary.org/obo/bco.owl,http://purl.obolibrary.org/obo/bco/releases/2021-11-14/bco.owl
https://www.ebi.ac.uk/ols4/api/,ols,Ontology Lookup Service,bfo,BFO,Basic Formal Ontology,http://purl.obolibrary.org/obo/bfo.owl,http://purl.obolibrary.org/obo/bfo/2019-08-26/bfo.owl
https://www.ebi.ac.uk/ols4/api/,ols,Ontology Lookup Service,bspo,BSPO,Biological Spatial Ontology,http://purl.obolibrary.org/obo/bspo.owl,http://purl.obolibrary.org/obo/bspo/releases/2023-05-27/bspo.owl
https://www.ebi.ac.uk/ols4/api/,ols,Ontology Lookup Service,bto,BTO,The BRENDA Tissue Ontology (BTO),http://purl.obolibrary.org/obo/bto.owl,http://purl.obolibrary.org/obo/bto/releases/2021-10-26/bto.owl
https://www.ebi.ac.uk/ols4/api/,ols,Ontology Lookup Service,cao,CAO,Chemical Analysis Metadata Platform (ChAMP) Ontology version 0.2,https://champ.stuchalk.domains.unf.edu/images/ontology/cao.owl,
https://www.ebi.ac.uk/ols4/api/,ols,Ontology Lookup Service,caro,CARO,Common Anatomy Reference Ontology,http://purl.obolibrary.org/obo/caro.owl,http://purl.obolibrary.org/obo/caro/releases/2023-03-15/caro.owl
https://www.ebi.ac.uk/ols4/api/,ols,Ontology Lookup Service,ccf,CCF,Human Reference Atlas Common Coordinate Framework Ontology,https://purl.org/ccf/2.0/ccf.owl,http://purl.org/ccf/releases/2.3.0/ccf.owl
https://www.ebi.ac.uk/ols4/api/,ols,Ontology Lookup Service,cco,CCO,Cell Cycle Ontology,http://www.bio.ntnu.no/ontology/CCO/cco.owl,
https://www.ebi.ac.uk/ols4/api/,ols,Ontology Lookup Service,cdao,CDAO,Comparative Data Analysis Ontology,http://purl.obolibrary.org/obo/cdao.owl,http://purl.obolibrary.org/obo/cdao/2024-01-25/cdao.owl
https://www.ebi.ac.uk/ols4/api/,ols,Ontology Lookup Service,cdno,CDNO,Compositional Dietary Nutrition Ontology,http://purl.obolibrary.org/obo/cdno.owl,http://purl.obolibrary.org/obo/cdno/releases/2024-08-13/cdno.owl
https://www.ebi.ac.uk/ols4/api/,ols,Ontology Lookup Service,chebi,CHEBI,Chemical Entities of Biological Interest,http://purl.obolibrary.org/obo/chebi.owl,http://purl.obolibrary.org/obo/chebi/236/chebi.owl
https://www.ebi.ac.uk/ols4/api/,ols,Ontology Lookup Service,cheminf,CHEMINF,chemical information ontology (cheminf) - information entities about chemical entities,http://purl.obolibrary.org/obo/cheminf.owl,
https://www.ebi.ac.uk/ols4/api/,ols,Ontology Lookup Service,chiro,CHIRO,CHEBI Integrated Role Ontology,http://purl.obolibrary.org/obo/chiro.owl,http://purl.obolibrary.org/obo/chiro/releases/2015-11-23/chiro.owl
https://www.ebi.ac.uk/ols4/api/,ols,Ontology Lookup Service,chmo,CHMO,Chemical Methods Ontology,http://purl.obolibrary.org/obo/chmo.owl,http://purl.obolibrary.org/obo/chmo/releases/2022-04-19/chmo.owl
https://www.ebi.ac.uk/ols4/api/,ols,Ontology Lookup Service,cido,CIDO,CIDO: Ontology of Coronavirus Infectious Disease,http://purl.obolibrary.org/obo/cido.owl,http://purl.obolibrary.org/obo/cido/releases/2024-02-16/cido.owl
https://www.ebi.ac.uk/ols4/api/,ols,Ontology Lookup Service,cio,CIO,Confidence Information Ontology,http://purl.obolibrary.org/obo/cio.owl,http://purl.obolibrary.org/obo/cio/releases/2015-03-10/cio.owl
https://www.ebi.ac.uk/ols4/api/,ols,Ontology Lookup Service,cl,CL,Cell Ontology,http://purl.obolibrary.org/obo/cl.owl,http://purl.obolibrary.org/obo/cl/releases/2024-09-26/cl.owl
https://www.ebi.ac.uk/ols4/api/,ols,Ontology Lookup Service,clao,CLAO,Collembola Anatomy Ontology,http://purl.obolibrary.org/obo/clao.owl,http://purl.obolibrary.org/obo/clao/releases/2021-09-27/clao.owl
https://www.ebi.ac.uk/ols4/api/,ols,Ontology Lookup Service,clo,CLO,CLO: Cell Line Ontology,http://purl.obolibrary.org/obo/clo.owl,
https://www.ebi.ac.uk/ols4/api/,ols,Ontology Lookup Service,clyh,CLYH,Clytia hemisphaerica Development and Anatomy Ontology (CLYH),http://purl.obolibrary.org/obo/clyh.owl,http://purl.obolibrary.org/obo/clyh/releases/2020-05-29/clyh.owl
https://www.ebi.ac.uk/ols4/api/,ols,Ontology Lookup Service,cmo,CMO,Clinical measurement ontology,http://purl.obolibrary.org/obo/cmo.owl,http://purl.obolibrary.org/obo/cmo/2.227/cmo.owl
https://www.ebi.ac.uk/ols4/api/,ols,Ontology Lookup Service,cmpo,CMPO,Cellular Microscopy Phenotype Ontology,http://www.ebi.ac.uk/cmpo/cmpo.owl,http://www.ebi.ac.uk/cmpo/releases/2017-12-19/cmpo.owl
https://www.ebi.ac.uk/ols4/api/,ols,Ontology Lookup Service,cob,COB,Core Ontology for Biology and Biomedicine,http://purl.obolibrary.org/obo/cob.owl,http://purl.obolibrary.org/obo/cob/releases/2024-09-20/cob.owl
https://www.ebi.ac.uk/ols4/api/,ols,Ontology Lookup Service,colao,COLAO,Coleoptera Anatomy Ontology,http://purl.obolibrary.org/obo/colao.owl,http://purl.obolibrary.org/obo/colao/releases/2024-06-21/colao.owl
https://www.ebi.ac.uk/ols4/api/,ols,Ontology Lookup Service,covoc,COVOC,CoVoc Coronavirus Vocabulary,https://github.com/EBISPOT/covoc/releases/download/current/covoc.owl,http://purl.obolibrary.org/obo/covoc/releases/2022-10-26/covoc.owl
https://www.ebi.ac.uk/ols4/api/,ols,Ontology Lookup Service,cpont,CPONT,Critical Path Ontology,https://w3id.org/cpont/cpont.owl,https://w3id.org/cpont/ontology/releases/2024-05-21/cpont.owl
https://www.ebi.ac.uk/ols4/api/,ols,Ontology Lookup Service,cro,CRO,Contributor Role Ontology,http://purl.obolibrary.org/obo/cro.owl,http://purl.obolibrary.org/obo/cro/releases/2019-12-11/cro.owl
https://www.ebi.ac.uk/ols4/api/,ols,Ontology Lookup Service,cryoem,CRYOEM,Cryo Electron Microscopy ontology,http://scipion.i2pc.es/ontology/cryoem.owl,http://scipion.i2pc.es/ontology/cryoem/releases/2021-03-09/cryoem.owl
https://www.ebi.ac.uk/ols4/api/,ols,Ontology Lookup Service,cteno,CTENO,Ctenophore Ontology,http://purl.obolibrary.org/obo/cteno.owl,http://purl.obolibrary.org/obo/cteno/releases/2016-10-19/cteno.owl
https://www.ebi.ac.uk/ols4/api/,ols,Ontology Lookup Service,cvdo,CVDO,Cardiovascular Disease Ontology,http://purl.obolibrary.org/obo/cvdo.owl,http://purl.obolibrary.org/obo/cvdo/2024-05-17/cvdo.owl
https://www.ebi.ac.uk/ols4/api/,ols,Ontology Lookup Service,ddanat,DDANAT,Dicty Anatomy Ontology (DDANAT),http://purl.obolibrary.org/obo/ddanat.owl,
https://www.ebi.ac.uk/ols4/api/,ols,Ontology Lookup Service,ddpheno,DDPHENO,Dicty Phenotype Ontology (DDPHENO),http://purl.obolibrary.org/obo/ddpheno.owl,http://purl.obolibrary.org/obo/ddpheno/releases/2023-08-26/ddpheno.owl
https://www.ebi.ac.uk/ols4/api/,ols,Ontology Lookup Service,dhba,DHBA,Developing Human Brain Atlas Ontology,https://purl.brain-bican.org/ontology/dhbao/dhbao.owl,https://purl.brain-bican.org/ontology/dhbao/releases/2023-08-24/dhbao.owl
https://www.ebi.ac.uk/ols4/api/,ols,Ontology Lookup Service,dicom,DICOM,DICOM Controlled Terminology,ftp://medical.nema.org/MEDICAL/Dicom/Resources/Ontology/DCM/dcm.owl,
https://www.ebi.ac.uk/ols4/api/,ols,Ontology Lookup Service,dideo,DIDEO,Drug-drug Interaction and Drug-drug Interaction Evidence Ontology,http://purl.obolibrary.org/obo/dideo.owl,http://purl.obolibrary.org/obo/dideo/release/2023-10-16/dideo.owl
https://www.ebi.ac.uk/ols4/api/,ols,Ontology Lookup Service,disdriv,DISDRIV,Disease Drivers,http://purl.obolibrary.org/obo/disdriv.owl,http://purl.obolibrary.org/obo/disdriv/releases/2023-12-15/disdriv.owl
https://www.ebi.ac.uk/ols4/api/,ols,Ontology Lookup Service,doid,DOID,Human Disease Ontology,http://purl.obolibrary.org/obo/doid.owl,http://purl.obolibrary.org/obo/doid/releases/2024-09-27/doid.owl
https://www.ebi.ac.uk/ols4/api/,ols,Ontology Lookup Service,dron,DRON,The Drug Ontology,http://purl.obolibrary.org/obo/dron.owl,http://purl.obolibrary.org/obo/dron/releases/2024-09-04/dron.owl
https://www.ebi.ac.uk/ols4/api/,ols,Ontology Lookup Service,duo,DUO,Data Use Ontology,http://purl.obolibrary.org/obo/duo.owl,http://purl.obolibrary.org/obo/duo/releases/2021-02-23/duo.owl
https://www.ebi.ac.uk/ols4/api/,ols,Ontology Lookup Service,ecao,ECAO,Echinoderm Anatomy and Development Ontology,http://purl.obolibrary.org/obo/ecao.owl,http://purl.obolibrary.org/obo/ecao/releases/2024-08-22/ecao.owl
https://www.ebi.ac.uk/ols4/api/,ols,Ontology Lookup Service,eco,ECO,Evidence & Conclusion Ontology (ECO),http://purl.obolibrary.org/obo/eco.owl,http://purl.obolibrary.org/obo/eco/releases/2024-07-19/eco.owl
https://www.ebi.ac.uk/ols4/api/,ols,Ontology Lookup Service,ecocore,ECOCORE,An ontology of core ecological entities,http://purl.obolibrary.org/obo/ecocore.owl,http://purl.obolibrary.org/obo/ecocore/releases/2022-03-09/ecocore.owl
https://www.ebi.ac.uk/ols4/api/,ols,Ontology Lookup Service,ecto,ECTO,Environment Exposure Ontology,http://purl.obolibrary.org/obo/ecto.owl,http://purl.obolibrary.org/obo/ecto/releases/2023-02-14/ecto.owl
https://www.ebi.ac.uk/ols4/api/,ols,Ontology Lookup Service,edam,EDAM,EDAM - The ontology of data analysis and management,https://raw.githubusercontent.com/edamontology/edamontology/master/releases/EDAM.owl,http://edamontology.org/1.25-20240924T0027Z-unstable(1.26)
https://www.ebi.ac.uk/ols4/api/,ols,Ontology Lookup Service,efo,EFO,Experimental Factor Ontology,http://www.ebi.ac.uk/efo/efo.owl,http://www.ebi.ac.uk/efo/releases/v3.70.0/efo.owl
https://www.ebi.ac.uk/ols4/api/,ols,Ontology Lookup Service,emapa,EMAPA,Mouse Developmental Anatomy Ontology,http://purl.obolibrary.org/obo/emapa.owl,http://purl.obolibrary.org/obo/emapa/releases/2023-11-14/emapa.owl
https://www.ebi.ac.uk/ols4/api/,ols,Ontology Lookup Service,enm,ENM,eNanoMapper ontology,http://enanomapper.github.io/ontologies/enanomapper.owl,http://enanomapper.github.io/ontologies/releases/10.0/enanomapper.owl
https://www.ebi.ac.uk/ols4/api/,ols,Ontology Lookup Service,ensemblglossary,ENSGLOSS,Ensembl Glossary,https://raw.githubusercontent.com/Ensembl/ensembl-glossary/master/ensembl-glossary.owl,http://ensembl.org/glossary/ensembl-glossary/releases/2023-01-04/ensembl-glossary.owl
https://www.ebi.ac.uk/ols4/api/,ols,Ontology Lookup Service,envo,ENVO,The Environment Ontology,http://purl.obolibrary.org/obo/envo.owl,http://purl.obolibrary.org/obo/envo/releases/2024-07-01/envo.owl
https://www.ebi.ac.uk/ols4/api/,ols,Ontology Lookup Service,epio,EPIO,Epilepsy Ontology (EPIO),http://purl.obolibrary.org/obo/epio.owl,https://bio.scai.fraunhofer.de/ontology/epilepsy/2021-05-28/EPIO.owl
https://www.ebi.ac.uk/ols4/api/,ols,Ontology Lookup Service,eupath,EUPATH,VEuPathDB Ontology,http://purl.obolibrary.org/obo/eupath.owl,http://purl.obolibrary.org/obo/eupath/2023-05-30/eupath.owl
https://www.ebi.ac.uk/ols4/api/,ols,Ontology Lookup Service,exo,ExO,Exposure ontology (ExO),http://purl.obolibrary.org/obo/exo.owl,http://purl.obolibrary.org/obo/exo/releases/2022-06-29/exo.owl
https://www.ebi.ac.uk/ols4/api/,ols,Ontology Lookup Service,fao,FAO,Fungal gross anatomy,http://purl.obolibrary.org/obo/fao.owl,http://purl.obolibrary.org/obo/fao/releases/2020-05-07/fao.owl
https://www.ebi.ac.uk/ols4/api/,ols,Ontology Lookup Service,fbbi,FBbi,Biological Imaging Methods Ontology,http://purl.obolibrary.org/obo/fbbi.owl,http://purl.obolibrary.org/obo/fbbi/releases/2020-11-06/fbbi.owl
https://www.ebi.ac.uk/ols4/api/,ols,Ontology Lookup Service,fbbt,FBbt,Drosophila gross anatomy,http://purl.obolibrary.org/obo/fbbt.owl,http://purl.obolibrary.org/obo/fbbt/releases/2024-08-08/fbbt.owl
https://www.ebi.ac.uk/ols4/api/,ols,Ontology Lookup Service,dpo,FBcv,Drosophila Phenotype Ontology (DPO),http://purl.obolibrary.org/obo/dpo.owl,http://purl.obolibrary.org/obo/dpo/releases/2024-08-08/dpo.owl
https://www.ebi.ac.uk/ols4/api/,ols,Ontology Lookup Service,fbcv,FBcv,FlyBase Controlled Vocabulary (FBcv),http://purl.obolibrary.org/obo/fbcv.owl,http://purl.obolibrary.org/obo/fbcv/releases/2024-08-08/fbcv.owl
https://www.ebi.ac.uk/ols4/api/,ols,Ontology Lookup Service,fbdv,FBdv,Drosophila Developmental Ontology,http://purl.obolibrary.org/obo/fbdv.owl,http://purl.obolibrary.org/obo/fbdv/releases/2024-08-07/fbdv.owl
https://www.ebi.ac.uk/ols4/api/,ols,Ontology Lookup Service,fideo,FIDEO,Food Interactions with Drugs Evidence Ontology,http://purl.obolibrary.org/obo/fideo.owl,http://purl.obolibrary.org/obo/fideo/releases/2023-12-18/fideo.owl
https://www.ebi.ac.uk/ols4/api/,ols,Ontology Lookup Service,flopo,FLOPO,Flora Phenotype Ontology,http://purl.obolibrary.org/obo/flopo.owl,
https://www.ebi.ac.uk/ols4/api/,ols,Ontology Lookup Service,fma,FMA,Foundational Model of Anatomy Ontology (subset),http://purl.obolibrary.org/obo/fma.owl,http://purl.obolibrary.org/obo/fma/releases/2020-04-13/fma.owl
https://www.ebi.ac.uk/ols4/api/,ols,Ontology Lookup Service,fobi,FOBI,Food-Biomarker Ontology,http://purl.obolibrary.org/obo/fobi.owl,http://purl.obolibrary.org/obo/fobi/fobi.owl
https://www.ebi.ac.uk/ols4/api/,ols,Ontology Lookup Service,foodon,FOODON,Food Ontology,http://purl.obolibrary.org/obo/foodon.owl,https://github.com/FoodOntology/foodon/releases/download/v2024-07-12/foodon.owl
https://www.ebi.ac.uk/ols4/api/,ols,Ontology Lookup Service,fovt,FOVT,FuTRES Ontology of Vertebrate Traits,http://purl.obolibrary.org/obo/fovt.owl,http://purl.obolibrary.org/obo/fovt/releases/2023-05-31/fovt.owl
https://www.ebi.ac.uk/ols4/api/,ols,Ontology Lookup Service,fypo,FYPO,Fission Yeast Phenotype Ontology (FYPO),http://purl.obolibrary.org/obo/fypo.owl,http://purl.obolibrary.org/obo/fypo/releases/2024-09-30/fypo.owl
https://www.ebi.ac.uk/ols4/api/,ols,Ontology Lookup Service,gallont,GALLONT,Plant Gall Ontology,http://purl.obolibrary.org/obo/gallont.owl,http://purl.obolibrary.org/obo/gallont/releases/2024-04-19/gallont.owl
https://www.ebi.ac.uk/ols4/api/,ols,Ontology Lookup Service,gecko,GECKO,Genomics Cohorts Knowledge Ontology,http://purl.obolibrary.org/obo/gecko.owl,http://purl.obolibrary.org/obo/gecko/releases/2021-01-18/gecko.owl
https://www.ebi.ac.uk/ols4/api/,ols,Ontology Lookup Service,genepio,GENEPIO,Genomic Epidemiology Ontology,http://purl.obolibrary.org/obo/genepio.owl,http://purl.obolibrary.org/obo/genepio/releases/2023-08-19/genepio.owl
https://www.ebi.ac.uk/ols4/api/,ols,Ontology Lookup Service,geno,GENO,GENO ontology,http://purl.obolibrary.org/obo/geno.owl,http://purl.obolibrary.org/obo/geno/releases/2023-10-08/geno.owl
https://www.ebi.ac.uk/ols4/api/,ols,Ontology Lookup Service,geo,GEO,Geographical Entity Ontology,http://purl.obolibrary.org/obo/geo.owl,
https://www.ebi.ac.uk/ols4/api/,ols,Ontology Lookup Service,gno,GNO,Glycan Naming Ontology,http://purl.obolibrary.org/obo/gno.owl,http://purl.obolibrary.org/obo/gno/2024-09-26/gno.owl
https://www.ebi.ac.uk/ols4/api/,ols,Ontology Lookup Service,go,GO,Gene Ontology,http://purl.obolibrary.org/obo/go/extensions/go-plus.owl,http://purl.obolibrary.org/obo/go/releases/2024-09-08/extensions/go-plus.owl
https://www.ebi.ac.uk/ols4/api/,ols,Ontology Lookup Service,gsso,GSSO,"GSSO - the Gender, Sex, and Sexual Orientation ontology",http://purl.obolibrary.org/obo/gsso.owl,http://purl.obolibrary.org/obo/gsso/releases/2.0.5/gsso.owl
https://www.ebi.ac.uk/ols4/api/,ols,Ontology Lookup Service,gexo,GeXO,Gene Expression Ontology,http://www.bio.ntnu.no/ontology/GeXO/gexo.rdf,
https://www.ebi.ac.uk/ols4/api/,ols,Ontology Lookup Service,hancestro,HANCESTRO,Human Ancestry Ontology,http://purl.obolibrary.org/obo/hancestro.owl,http://purl.obolibrary.org/obo/hancestro/releases/2024-08-19/hancestro.owl
https://www.ebi.ac.uk/ols4/api/,ols,Ontology Lookup Service,hao,HAO,Hymenoptera Anatomy Ontology,http://purl.obolibrary.org/obo/hao.owl,http://purl.obolibrary.org/obo/hao/2023-06-01/hao.owl
https://www.ebi.ac.uk/ols4/api/,ols,Ontology Lookup Service,hba,HBA,Human Brain Atlas Ontology,https://purl.brain-bican.org/ontology/hbao/hbao.owl,https://purl.brain-bican.org/ontology/hbao/releases/2024-07-11/hbao.owl
https://www.ebi.ac.uk/ols4/api/,ols,Ontology Lookup Service,hcao,HCAO,Human Cell Atlas Ontology,https://raw.githubusercontent.com/ebi-ait/ontology/master/hcao.owl,http://ontology.data.humancellatlas.org/ontologies/hcao/releases/2023-05-16/hcao.owl
https://www.ebi.ac.uk/ols4/api/,ols,Ontology Lookup Service,hom,HOM,Homology Ontology,http://purl.obolibrary.org/obo/hom.owl,http://purl.obolibrary.org/obo/hom/releases/2015-01-07/hom.owl
https://www.ebi.ac.uk/ols4/api/,ols,Ontology Lookup Service,hp,HP,Human Phenotype Ontology,http://purl.obolibrary.org/obo/hp/hp-international.owl,http://purl.obolibrary.org/obo/hp/releases/2024-08-13/hp-international.owl
https://www.ebi.ac.uk/ols4/api/,ols,Ontology Lookup Service,hso,HSO,Health Surveillance Ontology,http://purl.obolibrary.org/obo/hso.owl,http://purl.obolibrary.org/obo/hso/2021-12-13/hso.owl
https://www.ebi.ac.uk/ols4/api/,ols,Ontology Lookup Service,htn,HTN,Hypertension Ontology For Clinical Data,http://purl.obolibrary.org/obo/htn.owl,
https://www.ebi.ac.uk/ols4/api/,ols,Ontology Lookup Service,hsapdv,HsapDv,Human Developmental Stages,http://purl.obolibrary.org/obo/hsapdv.owl,
https://www.ebi.ac.uk/ols4/api/,ols,Ontology Lookup Service,iao,IAO,Information Artifact Ontology (IAO),http://purl.obolibrary.org/obo/iao.owl,http://purl.obolibrary.org/obo/iao/2022-11-07/iao.owl
https://www.ebi.ac.uk/ols4/api/,ols,Ontology Lookup Service,iceo,ICEO,ICEO: Ontology of Integrative and Conjugative Elements,http://purl.obolibrary.org/obo/iceo.owl,
https://www.ebi.ac.uk/ols4/api/,ols,Ontology Lookup Service,ico,ICO,Informed Consent Ontology (ICO),http://purl.obolibrary.org/obo/ico.owl,
https://www.ebi.ac.uk/ols4/api/,ols,Ontology Lookup Service,ido,IDO,Infectious Disease Ontology,http://purl.obolibrary.org/obo/ido.owl,http://purl.obolibrary.org/obo/ido/2017-11-03/ido.owl
https://www.ebi.ac.uk/ols4/api/,ols,Ontology Lookup Service,idocovid19,IDO-COVID-19,The COVID-19 Infectious Disease Ontology,https://raw.githubusercontent.com/infectious-disease-ontology-extensions/ido-covid-19/master/ontology/ido%20covid-19,http://purl.obolibrary.org/obo/2020-21-07/ido-covid-19.owl
https://www.ebi.ac.uk/ols4/api/,ols,Ontology Lookup Service,ino,INO,INO: Interaction Network Ontology,http://purl.obolibrary.org/obo/ino.owl,
https://www.ebi.ac.uk/ols4/api/,ols,Ontology Lookup Service,kisao,KISAO,Kinetic Simulation Algorithm Ontology,http://purl.obolibrary.org/obo/kisao.owl,
https://www.ebi.ac.uk/ols4/api/,ols,Ontology Lookup Service,labo,LABO,clinical LABoratory Ontology,http://purl.obolibrary.org/obo/labo.owl,http://purl.obolibrary.org/obo/labo/2021-06-08/labo.owl
https://www.ebi.ac.uk/ols4/api/,ols,Ontology Lookup Service,lepao,LEPAO,Lepidoptera Anatomy Ontology,http://purl.obolibrary.org/obo/lepao.owl,http://purl.obolibrary.org/obo/lepao/releases/2023-02-18/lepao.owl
https://www.ebi.ac.uk/ols4/api/,ols,Ontology Lookup Service,lipidmaps,LIPIDMAPS,LIPID MAPS,https://lipidmaps.org/files/?file=sparql_lipids&ext=ttl,
https://www.ebi.ac.uk/ols4/api/,ols,Ontology Lookup Service,ma,MA,Mouse adult gross anatomy,http://purl.obolibrary.org/obo/ma.owl,http://purl.obolibrary.org/obo/ma/releases/2017-02-07/ma.owl
https://www.ebi.ac.uk/ols4/api/,ols,Ontology Lookup Service,mamo,MAMO,Mathematical Modelling Ontology,https://raw.githubusercontent.com/EBISPOT/mamo/main/mamo.rdf,
https://www.ebi.ac.uk/ols4/api/,ols,Ontology Lookup Service,maxo,MAXO,Medical Action Ontology,http://purl.obolibrary.org/obo/maxo.owl,http://purl.obolibrary.org/obo/maxo/releases/2024-07-29/maxo.owl
https://www.ebi.ac.uk/ols4/api/,ols,Ontology Lookup Service,mco,MCO,Microbial Conditions Ontology,http://purl.obolibrary.org/obo/mco.owl,http://purl.obolibrary.org/obo/mco/releases/2019-05-15/mco.owl
https://www.ebi.ac.uk/ols4/api/,ols,Ontology Lookup Service,mcro,MCRO,Model Card Report Ontology,http://purl.obolibrary.org/obo/mcro.owl,http://purl.obolibrary.org/obo/2023-03-07/mcro.owl
https://www.ebi.ac.uk/ols4/api/,ols,Ontology Lookup Service,mf,MF,Mental Functioning Ontology,http://purl.obolibrary.org/obo/mf.owl,http://purl.obolibrary.org/obo/MF/2022-07-19/MF.owl
https://www.ebi.ac.uk/ols4/api/,ols,Ontology Lookup Service,mfmo,MFMO,Mammalian Feeding Muscle Ontology,http://purl.obolibrary.org/obo/mfmo.owl,http://purl.obolibrary.org/obo/mfmo/2013-11-16/mfmo.owl
https://www.ebi.ac.uk/ols4/api/,ols,Ontology Lookup Service,mfoem,MFOEM,Emotion Ontology,http://purl.obolibrary.org/obo/mfoem.owl,http://purl.obolibrary.org/obo/MFOEM/2022-07-19/MFOEM.owl
https://www.ebi.ac.uk/ols4/api/,ols,Ontology Lookup Service,mfomd,MFOMD,Mental Disease Ontology,http://purl.obolibrary.org/obo/mfomd.owl,http://purl.obolibrary.org/obo/MFOMD/2020-04-26/MFOMD.owl
https://www.ebi.ac.uk/ols4/api/,ols,Ontology Lookup Service,mi,MI,Molecular Interactions Controlled Vocabulary,http://purl.obolibrary.org/obo/mi.owl,
https://www.ebi.ac.uk/ols4/api/,ols,Ontology Lookup Service,miapa,MIAPA,Minimum Information for A Phylogenetic Analysis (MIAPA) Ontology,http://purl.obolibrary.org/obo/miapa.owl,
https://www.ebi.ac.uk/ols4/api/,ols,Ontology Lookup Service,micro,MICRO,Ontology of Prokaryotic Phenotypic and Metabolic Characters,http://purl.obolibrary.org/obo/micro.owl,
https://www.ebi.ac.uk/ols4/api/,ols,Ontology Lookup Service,mmo,MMO,Measurement method ontology,http://purl.obolibrary.org/obo/mmo.owl,http://purl.obolibrary.org/obo/mmo/2.140/mmo.owl
https://www.ebi.ac.uk/ols4/api/,ols,Ontology Lookup Service,mod,MOD,Protein modification,http://purl.obolibrary.org/obo/mod.owl,http://purl.obolibrary.org/obo/mod/1.031.6/mod.owl
https://www.ebi.ac.uk/ols4/api/,ols,Ontology Lookup Service,mondo,MONDO,Mondo Disease Ontology,http://purl.obolibrary.org/obo/mondo.owl,http://purl.obolibrary.org/obo/mondo/releases/2024-10-01/mondo.owl
https://www.ebi.ac.uk/ols4/api/,ols,Ontology Lookup Service,mop,MOP,MOP,http://purl.obolibrary.org/obo/mop.owl,http://purl.obolibrary.org/obo/mop/releases/2022-05-11/mop.owl
https://www.ebi.ac.uk/ols4/api/,ols,Ontology Lookup Service,mp,MP,The Mammalian Phenotype Ontology,http://purl.obolibrary.org/obo/mp/mp-international.owl,http://purl.obolibrary.org/obo/mp/releases/2024-09-18/mp-international.owl
https://www.ebi.ac.uk/ols4/api/,ols,Ontology Lookup Service,mpath,MPATH,Mouse pathology ontology,http://purl.obolibrary.org/obo/mpath.owl,http://purl.obolibrary.org/obo/mpath/2020-05-19/mpath.owl
https://www.ebi.ac.uk/ols4/api/,ols,Ontology Lookup Service,mpio,MPIO,Minimum PDDI Information Ontology,http://purl.obolibrary.org/obo/mpio.owl,http://purl.obolibrary.org/obo/mpio/release/2023-10-17/mpio.owl
https://www.ebi.ac.uk/ols4/api/,ols,Ontology Lookup Service,mro,MRO,MHC Restriction Ontology,http://purl.obolibrary.org/obo/mro.owl,http://purl.obolibrary.org/obo/mro/2024-08-02/mro.owl
https://www.ebi.ac.uk/ols4/api/,ols,Ontology Lookup Service,ms,MS,Mass spectrometry ontology,http://purl.obolibrary.org/obo/ms.owl,http://purl.obolibrary.org/obo/ms/4.1.179/ms.owl
https://www.ebi.ac.uk/ols4/api/,ols,Ontology Lookup Service,msio,MSIO,Metabolomics Standards Initiative Ontology (MSIO),https://raw.githubusercontent.com/MSI-Metabolomics-Standards-Initiative/MSIO/master/releases/latest_release/MSIO-merged-reasoned.owl,
https://www.ebi.ac.uk/ols4/api/,ols,Ontology Lookup Service,mmusdv,MmusDv,Mouse Developmental Stages,http://purl.obolibrary.org/obo/mmusdv.owl,
https://www.ebi.ac.uk/ols4/api/,ols,Ontology Lookup Service,nbo,NBO,Neuro Behavior Ontology,http://purl.obolibrary.org/obo/nbo.owl,http://purl.obolibrary.org/obo/nbo/releases/2023-07-04/nbo.owl
https://www.ebi.ac.uk/ols4/api/,ols,Ontology Lookup Service,ncbitaxon,NCBITaxon,NCBI organismal classification,http://purl.obolibrary.org/obo/ncbitaxon.owl,http://purl.obolibrary.org/obo/ncbitaxon/2024-07-03/ncbitaxon.owl
https://www.ebi.ac.uk/ols4/api/,ols,Ontology Lookup Service,ncit,NCIT,NCI Thesaurus OBO Edition,http://purl.obolibrary.org/obo/ncit.owl,http://purl.obolibrary.org/obo/ncit/releases/2024-05-07/ncit.owl
https://www.ebi.ac.uk/ols4/api/,ols,Ontology Lookup Service,ncro,NCRO,Non-Coding RNA Ontology,http://purl.obolibrary.org/obo/ncro.owl,http://purl.obolibrary.org/obo/ncro/2015-12-10/ncro-combined.owl
https://www.ebi.ac.uk/ols4/api/,ols,Ontology Lookup Service,ngbo,NGBO, Next generation biobanking ontology(NGBO).,http://purl.obolibrary.org/obo/ngbo.owl,http://purl.obolibrary.org/obo/ngbo/2024-08-27/ngbo.owl
https://www.ebi.ac.uk/ols4/api/,ols,Ontology Lookup Service,nmrcv,NMR,nuclear magnetic resonance CV,http://nmrml.org/cv/stable/nmrCV.owl,http://nmrml.org/cv/v1.1.0/nmrCV.owl
https://www.ebi.ac.uk/ols4/api/,ols,Ontology Lookup Service,nomen,NOMEN,NOMEN - A nomenclatural ontology for biological names,http://purl.obolibrary.org/obo/nomen.owl,
https://www.ebi.ac.uk/ols4/api/,ols,Ontology Lookup Service,oae,OAE,OAE: Ontology of Adverse Events,http://purl.obolibrary.org/obo/oae.owl,
https://www.ebi.ac.uk/ols4/api/,ols,Ontology Lookup Service,oarcs,OARCS,Ontology of Arthropod Circulatory Systems,http://purl.obolibrary.org/obo/oarcs.owl,http://purl.obolibrary.org/obo/hao/2019-04-18/hao.owl
https://www.ebi.ac.uk/ols4/api/,ols,Ontology Lookup Service,oba,OBA,Ontology of Biological Attributes (OBA),http://purl.obolibrary.org/obo/oba.owl,http://purl.obolibrary.org/obo/oba/releases/2024-09-12/oba.owl
https://www.ebi.ac.uk/ols4/api/,ols,Ontology Lookup Service,obcs,OBCS,OBCS: Ontology of Biological and Clinical Statistics,http://purl.obolibrary.org/obo/obcs.owl,http://purl.obolibrary.org/obo/obcs/2023-12-08/obcs.owl
https://www.ebi.ac.uk/ols4/api/,ols,Ontology Lookup Service,obi,OBI,Ontology for Biomedical Investigations,http://purl.obolibrary.org/obo/obi.owl,http://purl.obolibrary.org/obo/obi/2024-06-10/obi.owl
https://www.ebi.ac.uk/ols4/api/,ols,Ontology Lookup Service,obib,OBIB,Ontology for BIoBanking (OBIB),http://purl.obolibrary.org/obo/obib.owl,http://purl.obolibrary.org/obo/obib/2023-04-05/obib.owl
https://www.ebi.ac.uk/ols4/api/,ols,Ontology Lookup Service,occo,OCCO,Occupation Ontology (OccO),http://purl.obolibrary.org/obo/occo.owl,http://purl.obolibrary.org/obo/occo/releases/2024-04-28/occo.owl
https://www.ebi.ac.uk/ols4/api/,ols,Ontology Lookup Service,ogg,OGG,OGG: Ontology of Genes and Genomes,http://purl.obolibrary.org/obo/ogg.owl,
https://www.ebi.ac.uk/ols4/api/,ols,Ontology Lookup Service,ogms,OGMS,Ontology for General Medical Science,http://purl.obolibrary.org/obo/ogms.owl,http://purl.obolibrary.org/obo/ogms/2021-08-19/ogms.owl
https://www.ebi.ac.uk/ols4/api/,ols,Ontology Lookup Service,ogsf,OGSF,Ontology of Genetic Susceptibility Factor,http://purl.obolibrary.org/obo/ogsf.owl,
https://www.ebi.ac.uk/ols4/api/,ols,Ontology Lookup Service,ohd,OHD,Oral Health and Disease Ontology,http://purl.obolibrary.org/obo/ohd.owl,http://purl.obolibrary.org/obo/ohd/releases/2024-06-21/ohd.owl
https://www.ebi.ac.uk/ols4/api/,ols,Ontology Lookup Service,ohmi,OHMI,OHMI: Ontology of Host-Microbiome Interactions,http://purl.obolibrary.org/obo/ohmi.owl,http://purl.obolibrary.org/obo/ohmi/2019-09-17/ohmi.owl
https://www.ebi.ac.uk/ols4/api/,ols,Ontology Lookup Service,ohpi,OHPI,OHPI: Ontology of Host-Pathogen Interactions,http://purl.obolibrary.org/obo/ohpi.owl,http://purl.obolibrary.org/obo/ohpi/releases/2019-09-30
https://www.ebi.ac.uk/ols4/api/,ols,Ontology Lookup Service,om,OM,Ontology of units of Measure (OM),https://raw.githubusercontent.com/HajoRijgersberg/OM/master/om-2.0.rdf,
https://www.ebi.ac.uk/ols4/api/,ols,Ontology Lookup Service,omit,OMIT,Ontology for MIRNA Target,http://purl.obolibrary.org/obo/omit.owl,http://purl.obolibrary.org/obo/omit/dev/omit.owl
https://www.ebi.ac.uk/ols4/api/,ols,Ontology Lookup Service,omo,OMO,OBO Metadata Ontology,http://purl.obolibrary.org/obo/omo.owl,http://purl.obolibrary.org/obo/omo/releases/2023-11-02/omo.owl
https://www.ebi.ac.uk/ols4/api/,ols,Ontology Lookup Service,omp,OMP,Ontology of Microbial Phenotypes,http://purl.obolibrary.org/obo/omp.owl,http://purl.obolibrary.org/obo/omp/releases/2024-03-25/omp.owl
https://www.ebi.ac.uk/ols4/api/,ols,Ontology Lookup Service,omrse,OMRSE,Ontology for Modeling and Representation of Social Entities,http://purl.obolibrary.org/obo/omrse.owl,http://purl.obolibrary.org/obo/omrse/releases/2024-08-14/omrse.owl
https://www.ebi.ac.uk/ols4/api/,ols,Ontology Lookup Service,one,ONE,Ontology for Nutritional Epidemiology,http://purl.obolibrary.org/obo/one.owl,
https://www.ebi.ac.uk/ols4/api/,ols,Ontology Lookup Service,ons,ONS,Ontology for Nutritional Studies,http://purl.obolibrary.org/obo/ons.owl,https://raw.githubusercontent.com/enpadasi/Ontology-for-Nutritional-Studies/releases/download/v2024-07-03/ons.owl
https://www.ebi.ac.uk/ols4/api/,ols,Ontology Lookup Service,ontoavida,ONTOAVIDA,OntoAvida: ontology for Avida digital evolution platform.,http://purl.obolibrary.org/obo/ontoavida.owl,http://purl.obolibrary.org/obo/ontoavida/releases/2022-03-15/ontoavida.owl
https://www.ebi.ac.uk/ols4/api/,ols,Ontology Lookup Service,ontoneo,ONTONEO,Obstetric and Neonatal Ontology,http://purl.obolibrary.org/obo/ontoneo.owl,http://purl.obolibrary.org/obo/ontoneo/releases/2021-04-29/ontoneo.owl
https://www.ebi.ac.uk/ols4/api/,ols,Ontology Lookup Service,oostt,OOSTT,Ontology of Organizational Structures of Trauma centers and Trauma Systems,http://purl.obolibrary.org/obo/oostt.owl,http://purl.obolibrary.org/obo/oostt/release/2024-09-30/oostt.owl
https://www.ebi.ac.uk/ols4/api/,ols,Ontology Lookup Service,opl,OPL,Ontology for Parasite Lifecycle,http://purl.obolibrary.org/obo/opl.owl,http://purl.obolibrary.org/obo/opl/2023-08-28/opl.owl
https://www.ebi.ac.uk/ols4/api/,ols,Ontology Lookup Service,opmi,OPMI,OPMI: Ontology of Precision Medicine and Investigation,http://purl.obolibrary.org/obo/opmi.owl,
https://www.ebi.ac.uk/ols4/api/,ols,Ontology Lookup Service,ordo,ORDO,Orphanet Rare Disease Ontology,http://www.orphadata.org/data/ORDO/ordo_orphanet.owl,https://www.orphadata.com/data/ontologies/ordo/last_version/ORDO_en_4.5.owl
https://www.ebi.ac.uk/ols4/api/,ols,Ontology Lookup Service,ornaseq,ORNASEQ,Ontology for RNA sequencing (ORNASEQ),http://purl.obolibrary.org/obo/ornaseq.owl,http://purl.obolibrary.org/obo/ornaseq/2019-07-08/ornaseq.owl
https://www.ebi.ac.uk/ols4/api/,ols,Ontology Lookup Service,orth,ORTH,Orthology Ontology,http://purl.org/net/orth,http://purl.org/net/orth/2.0
https://www.ebi.ac.uk/ols4/api/,ols,Ontology Lookup Service,ovae,OVAE,OVAE: Ontology of Vaccine Adverse Events,http://purl.obolibrary.org/obo/ovae.owl,
https://www.ebi.ac.uk/ols4/api/,ols,Ontology Lookup Service,olatdv,OlatDv,Medaka Developmental Stages,http://purl.obolibrary.org/obo/olatdv.owl,
https://www.ebi.ac.uk/ols4/api/,ols,Ontology Lookup Service,pato,PATO,PATO - the Phenotype And Trait Ontology,http://purl.obolibrary.org/obo/pato.owl,http://purl.obolibrary.org/obo/pato/releases/2024-09-04/pato.owl
https://www.ebi.ac.uk/ols4/api/,ols,Ontology Lookup Service,pcl,PCL,Provisional Cell Ontology,http://purl.obolibrary.org/obo/pcl.owl,http://purl.obolibrary.org/obo/pcl/releases/2024-07-11/pcl.owl
https://www.ebi.ac.uk/ols4/api/,ols,Ontology Lookup Service,pco,PCO,Population and Community Ontology,http://purl.obolibrary.org/obo/pco.owl,http://purl.obolibrary.org/obo/pco/releases/2021-05-03/pco.owl
https://www.ebi.ac.uk/ols4/api/,ols,Ontology Lookup Service,pdro,PDRO,The Prescription of Drugs Ontology,http://purl.obolibrary.org/obo/pdro.owl,http://purl.obolibrary.org/obo/pdro/2021-06-08/pdro.owl
https://www.ebi.ac.uk/ols4/api/,ols,Ontology Lookup Service,peco,PECO,Plant Experimental Conditions Ontology,http://purl.obolibrary.org/obo/peco.owl,http://purl.obolibrary.org/obo/peco/releases/2023-11-10/peco.owl
https://www.ebi.ac.uk/ols4/api/,ols,Ontology Lookup Service,phi,PHI,PHI-base Ontology,file:///nfs/production/parkinso/spot/ols4/prod/local_ontologies/phi.owl,http://purl.obolibrary.org/obo/PHI/releases/2017-11-06/PHI.owl
https://www.ebi.ac.uk/ols4/api/,ols,Ontology Lookup Service,phipo,PHIPO,Pathogen Host Interactions Phenotype Ontology,http://purl.obolibrary.org/obo/phipo.owl,http://purl.obolibrary.org/obo/phipo/releases/2024-08-29/phipo.owl
https://www.ebi.ac.uk/ols4/api/,ols,Ontology Lookup Service,plana,PLANA,Planarian Anatomy Ontology (PLANA),http://purl.obolibrary.org/obo/plana.owl,http://purl.obolibrary.org/obo/plana/releases/2023-03-13
https://www.ebi.ac.uk/ols4/api/,ols,Ontology Lookup Service,planp,PLANP,Planarian Phenotype Ontology (PLANP),http://purl.obolibrary.org/obo/planp.owl,http://purl.obolibrary.org/obo/planp/releases/2020-03-28/planp.owl
https://www.ebi.ac.uk/ols4/api/,ols,Ontology Lookup Service,po,PO,Plant Ontology,http://purl.obolibrary.org/obo/po.owl,http://purl.obolibrary.org/obo/po/releases/2024-04-17/po.owl
https://www.ebi.ac.uk/ols4/api/,ols,Ontology Lookup Service,poro,PORO,Porifera (sponge) ontology,http://purl.obolibrary.org/obo/poro.owl,http://purl.obolibrary.org/obo/poro/releases/2016-10-06/poro.owl
https://www.ebi.ac.uk/ols4/api/,ols,Ontology Lookup Service,ppo,PPO,Plant Phenology Ontology,http://purl.obolibrary.org/obo/ppo.owl,https://raw.githubusercontent.com/PlantPhenoOntology/ppo/master/releases/2018-10-26/ppo.owl
https://www.ebi.ac.uk/ols4/api/,ols,Ontology Lookup Service,pr,PR,PRotein Ontology (PRO),http://purl.obolibrary.org/obo/pr.owl,http://purl.obolibrary.org/obo/pr/70.0/pr.owl
https://www.ebi.ac.uk/ols4/api/,ols,Ontology Lookup Service,pride,PRIDE,PRIDE Controlled Vocabulary,https://raw.githubusercontent.com/PRIDE-Utilities/pride-ontology/master/pride_cv.owl,http://purl.obolibrary.org/obo/pride/2.1.2/pride.owl
https://www.ebi.ac.uk/ols4/api/,ols,Ontology Lookup Service,probonto,PROBONTO,Probability Distribution Ontology,file:///nfs/production/parkinso/spot/ols4/prod/local_ontologies/probonto.ttl,
https://www.ebi.ac.uk/ols4/api/,ols,Ontology Lookup Service,proco,PROCO,PROCO: PROcess Chemistry Ontology,http://purl.obolibrary.org/obo/proco.owl,http://purl.obolibrary.org/obo/proco/releases/2022-04-11/proco.owl
https://www.ebi.ac.uk/ols4/api/,ols,Ontology Lookup Service,prov,PROV,Provenance Ontology (PROV-O),https://www.w3.org/ns/prov-o,
https://www.ebi.ac.uk/ols4/api/,ols,Ontology Lookup Service,psdo,PSDO,Performance Summary Display Ontology,http://purl.obolibrary.org/obo/psdo.owl,http://purl.obolibrary.org/obo/2022-02-23/psdo.owl
https://www.ebi.ac.uk/ols4/api/,ols,Ontology Lookup Service,pso,PSO,Plant Stress Ontology,http://purl.obolibrary.org/obo/pso.owl,http://purl.obolibrary.org/obo/pso/releases/2023-11-14/pso.owl
https://www.ebi.ac.uk/ols4/api/,ols,Ontology Lookup Service,pw,PW,Pathway ontology,http://purl.obolibrary.org/obo/pw.owl,http://purl.obolibrary.org/obo/pw/7.85/pw.owl
https://www.ebi.ac.uk/ols4/api/,ols,Ontology Lookup Service,pdumdv,PdumDv,Platynereis Developmental Stages,http://purl.obolibrary.org/obo/pdumdv.owl,
https://www.ebi.ac.uk/ols4/api/,ols,Ontology Lookup Service,rbo,RBO,Radiation Biology Ontology,http://purl.obolibrary.org/obo/rbo.owl,http://purl.obolibrary.org/obo/rbo/releases/2024-05-31/rbo.owl
https://www.ebi.ac.uk/ols4/api/,ols,Ontology Lookup Service,reproduceme,REPR,REPRODUCE-ME Ontology,https://sheeba-samuel.github.io/REPRODUCE-ME/doc/reproduce-me.xml,
https://www.ebi.ac.uk/ols4/api/,ols,Ontology Lookup Service,ro,RO,Relation Ontology,http://purl.obolibrary.org/obo/ro.owl,http://purl.obolibrary.org/obo/ro/releases/2024-04-24/ro.owl
https://www.ebi.ac.uk/ols4/api/,ols,Ontology Lookup Service,rs,RS,Rat Strain Ontology,http://purl.obolibrary.org/obo/rs.owl,http://purl.obolibrary.org/obo/rs/6.234/rs.owl
https://www.ebi.ac.uk/ols4/api/,ols,Ontology Lookup Service,rxno,RXNO,RXNO,http://purl.obolibrary.org/obo/rxno.owl,http://purl.obolibrary.org/obo/rxno/releases/2021-12-16/rxno.owl
https://www.ebi.ac.uk/ols4/api/,ols,Ontology Lookup Service,reto,ReTO,Regulation of Transcription Ontology,http://www.bio.ntnu.no/ontology/ReTO/reto.rdf,
https://www.ebi.ac.uk/ols4/api/,ols,Ontology Lookup Service,rexo,ReXO,Regulation of Gene Expression Ontology,http://www.bio.ntnu.no/ontology/ReXO/rexo.rdf,
https://www.ebi.ac.uk/ols4/api/,ols,Ontology Lookup Service,sbo,SBO,Systems Biology Ontology,http://purl.obolibrary.org/obo/sbo.owl,
https://www.ebi.ac.uk/ols4/api/,ols,Ontology Lookup Service,scdo,SCDO,Sickle Cell Disease Ontology,http://purl.obolibrary.org/obo/scdo.owl,http://purl.obolibrary.org/obo/scdo/releases/2021-04-15/scdo.owl
https://www.ebi.ac.uk/ols4/api/,ols,Ontology Lookup Service,sepio,SEPIO,Ontology for Scientific Evidence and Provenance Information,http://purl.obolibrary.org/obo/sepio.owl,http://purl.obolibrary.org/obo/sepio/releases/2023-06-13/sepio.owl
https://www.ebi.ac.uk/ols4/api/,ols,Ontology Lookup Service,shareloc,SHARELOC,ShareLoc,https://raw.githubusercontent.com/imodpasteur/ShareLoc.XYZ/ontology/shareloc.owl,
https://www.ebi.ac.uk/ols4/api/,ols,Ontology Lookup Service,sibo,SIBO,Social Insect Behavior Ontology,http://purl.obolibrary.org/obo/sibo.owl,http://purl.obolibrary.org/obo/sibo/releases/2015-06-15/sibo.owl
https://www.ebi.ac.uk/ols4/api/,ols,Ontology Lookup Service,sio,SIO,Semanticscience Integrated Ontology,https://raw.githubusercontent.com/micheldumontier/semanticscience/master/ontology/sio/release/sio-release.owl,http://semanticscience.org/ontology/sio/v1.59/sio-release.owl
https://www.ebi.ac.uk/ols4/api/,ols,Ontology Lookup Service,slm,SLM,SwissLipids,file:///nfs/production/parkinso/spot/ols4/prod/local_ontologies/swisslipids.ttl,
https://www.ebi.ac.uk/ols4/api/,ols,Ontology Lookup Service,slso,SLSO,Space Life Sciences Ontology,http://purl.obolibrary.org/obo/slso.owl,http://purl.obolibrary.org/obo/slso/releases/2024-05-17/slso.owl
https://www.ebi.ac.uk/ols4/api/,ols,Ontology Lookup Service,snomed,SNOMED,SNOMED CT (International Edition),file:///nfs/production/parkinso/spot/ols4/prod/local_ontologies/snomed-inferred.owl,http://snomed.info/sct/900000000000207008/version/20200131
https://www.ebi.ac.uk/ols4/api/,ols,Ontology Lookup Service,so,SO,Sequence types and features ontology,http://purl.obolibrary.org/obo/so.owl,http://purl.obolibrary.org/obo/so/2024-06-05/so.owl
https://www.ebi.ac.uk/ols4/api/,ols,Ontology Lookup Service,spd,SPD,Spider Ontology,http://purl.obolibrary.org/obo/spd.owl,
https://www.ebi.ac.uk/ols4/api/,ols,Ontology Lookup Service,srao,SRAO,FAIRsharing Subject Ontology (SRAO),https://github.com/FAIRsharing/subject-ontology/raw/master/SRAO.owl,http://www.fairsharing.org/ontology/subject/SRAO/releases/2023-10-10/SRAO.owl
https://www.ebi.ac.uk/ols4/api/,ols,Ontology Lookup Service,stato,STATO,STATO: the statistical methods ontology,http://purl.obolibrary.org/obo/stato.owl,http://purl.obolibrary.org/stato.owl/1.5
https://www.ebi.ac.uk/ols4/api/,ols,Ontology Lookup Service,swo,SWO,Software ontology,http://purl.obolibrary.org/obo/swo.owl,http://www.ebi.ac.uk/swo/swo/releases/2023-03-05/swo.owl
https://www.ebi.ac.uk/ols4/api/,ols,Ontology Lookup Service,symp,SYMP,Symptom Ontology,http://purl.obolibrary.org/obo/symp.owl,http://purl.obolibrary.org/obo/symp/releases/2024-05-17/symp.owl
https://www.ebi.ac.uk/ols4/api/,ols,Ontology Lookup Service,t4fs,T4FS,terms4FAIRskills,http://purl.obolibrary.org/obo/t4fs.owl,http://purl.obolibrary.org/obo/t4fs/releases/2023-03-02/t4fs.owl
https://www.ebi.ac.uk/ols4/api/,ols,Ontology Lookup Service,taxrank,TAXRANK,Taxonomic rank vocabulary,http://purl.obolibrary.org/obo/taxrank.owl,http://purl.obolibrary.org/obo/taxrank/releases/2016-04-15/taxrank.owl
https://www.ebi.ac.uk/ols4/api/,ols,Ontology Lookup Service,teddy,TEDDY,Terminology for Description of Dynamics,file:///nfs/production/parkinso/spot/ols4/prod/local_ontologies/teddy-inferred-fixed.owl,http://identifiers.org/combine.specifications/teddy.rel-2014-04-24
https://www.ebi.ac.uk/ols4/api/,ols,Ontology Lookup Service,to,TO,Plant Trait Ontology,http://purl.obolibrary.org/obo/to.owl,http://purl.obolibrary.org/obo/to/releases/2023-07-17/to.owl
https://www.ebi.ac.uk/ols4/api/,ols,Ontology Lookup Service,trans,TRANS,Pathogen Transmission Ontology,http://purl.obolibrary.org/obo/trans.owl,http://purl.obolibrary.org/obo/trans/releases/2022-10-10/trans.owl
https://www.ebi.ac.uk/ols4/api/,ols,Ontology Lookup Service,tto,TTO,Teleost taxonomy ontology,http://purl.obolibrary.org/obo/tto.owl,
https://www.ebi.ac.uk/ols4/api/,ols,Ontology Lookup Service,txpo,TXPO,TOXic Process Ontology (TXPO),http://purl.obolibrary.org/obo/txpo.owl,http://purl.obolibrary.org/obo/txpo/releases/2022-12-07/txpo.owl
https://www.ebi.ac.uk/ols4/api/,ols,Ontology Lookup Service,uberon,UBERON,Uber-anatomy ontology,http://purl.obolibrary.org/obo/uberon.owl,http://purl.obolibrary.org/obo/uberon/releases/2024-09-03/uberon.owl
https://www.ebi.ac.uk/ols4/api/,ols,Ontology Lookup Service,unimod,UNIMOD,Unimod protein modification database for mass spectrometry,https://raw.githubusercontent.com/PRIDE-Utilities/pride-ontology/master/unimod.owl,
https://www.ebi.ac.uk/ols4/api/,ols,Ontology Lookup Service,uo,UO,Units of measurement ontology,http://purl.obolibrary.org/obo/uo.owl,http://purl.obolibrary.org/obo/uo/releases/2023-05-25/uo.owl
https://www.ebi.ac.uk/ols4/api/,ols,Ontology Lookup Service,upheno,UPHENO,Unified phenotype ontology (uPheno),https://github.com/obophenotype/upheno-dev/releases/latest/download/upheno.owl,http://purl.obolibrary.org/obo/upheno/releases/2024-09-04/upheno.owl
https://www.ebi.ac.uk/ols4/api/,ols,Ontology Lookup Service,vbo,VBO,Vertebrate Breed Ontology,http://purl.obolibrary.org/obo/vbo.owl,http://purl.obolibrary.org/obo/vbo/releases/2024-08-14/vbo.owl
https://www.ebi.ac.uk/ols4/api/,ols,Ontology Lookup Service,vo,VO,Vaccine Ontology,http://purl.obolibrary.org/obo/vo.owl,http://purl.obolibrary.org/obo/vo/releases/2024-09-22/vo.owl
https://www.ebi.ac.uk/ols4/api/,ols,Ontology Lookup Service,vt,VT,The Vertebrate Trait Ontology,http://purl.obolibrary.org/obo/vt.owl,http://purl.obolibrary.org/obo/vt/releases/2024-10-02/vt.owl
https://www.ebi.ac.uk/ols4/api/,ols,Ontology Lookup Service,vto,VTO,Vertebrate Taxonomy Ontology,http://purl.obolibrary.org/obo/vto.owl,http://purl.obolibrary.org/obo/vto/2020-11-13/vto.owl
https://www.ebi.ac.uk/ols4/api/,ols,Ontology Lookup Service,wbphenotype,WBPhenotype,C elegans Phenotype Ontology,http://purl.obolibrary.org/obo/wbphenotype.owl,http://purl.obolibrary.org/obo/wbphenotype/releases/2024-09-26/wbphenotype.owl
https://www.ebi.ac.uk/ols4/api/,ols,Ontology Lookup Service,wbbt,WBbt,C. elegans Gross Anatomy Ontology,http://purl.obolibrary.org/obo/wbbt.owl,http://purl.obolibrary.org/obo/wbbt/releases/2024-09-24/wbbt.owl
https://www.ebi.ac.uk/ols4/api/,ols,Ontology Lookup Service,wbls,WBls,C. elegans Development Ontology,http://purl.obolibrary.org/obo/wbls.owl,http://purl.obolibrary.org/obo/wbls/releases/2024-09-26/wbls.owl
https://www.ebi.ac.uk/ols4/api/,ols,Ontology Lookup Service,xao,XAO,Xenopus Anatomy Ontology,http://purl.obolibrary.org/obo/xao.owl,http://purl.obolibrary.org/obo/xao/releases/2024-09-03/xao.owl
https://www.ebi.ac.uk/ols4/api/,ols,Ontology Lookup Service,xco,XCO,Experimental condition ontology,http://purl.obolibrary.org/obo/xco.owl,http://purl.obolibrary.org/obo/xco/4.183/xco.owl
https://www.ebi.ac.uk/ols4/api/,ols,Ontology Lookup Service,xlmod,XLMOD,HUPO-PSI cross-linking and derivatization reagents controlled vocabulary,http://purl.obolibrary.org/obo/xlmod.owl,http://purl.obolibrary.org/obo/xlmod/release/2019-10-28/xlmod.owl
https://www.ebi.ac.uk/ols4/api/,ols,Ontology Lookup Service,xpo,XPO,Xenopus Phenotype Ontology,http://purl.obolibrary.org/obo/xpo.owl,http://purl.obolibrary.org/obo/xpo/releases/2024-04-18/xpo.owl
https://www.ebi.ac.uk/ols4/api/,ols,Ontology Lookup Service,zeco,ZECO,Zebrafish Experimental Conditions Ontology,http://purl.obolibrary.org/obo/zeco.owl,http://purl.obolibrary.org/obo/zeco/releases/2022-02-14/zeco.owl
https://www.ebi.ac.uk/ols4/api/,ols,Ontology Lookup Service,zfa,ZFA,Zebrafish Anatomy Ontology (ZFA),http://purl.obolibrary.org/obo/zfa.owl,http://purl.obolibrary.org/obo/zfa/releases/2022-12-09/zfa.owl
https://www.ebi.ac.uk/ols4/api/,ols,Ontology Lookup Service,zfs,ZFS,Zebrafish developmental stages ontology,http://purl.obolibrary.org/obo/zfs.owl,http://purl.obolibrary.org/obo/zfs/releases/2020-03-10/zfs.owl
https://www.ebi.ac.uk/ols4/api/,ols,Ontology Lookup Service,zp,ZP,Zebrafish Phenotype Ontology (ZP),http://purl.obolibrary.org/obo/zp.owl,http://purl.obolibrary.org/obo/zp/releases/2024-04-18/zp.owl
https://www.ebi.ac.uk/ols4/api/,ols,Ontology Lookup Service,semapv,semapv,Semantic Mapping Vocabulary,https://raw.githubusercontent.com/mapping-commons/semantic-mapping-vocabulary/main/semapv.owl,http://w3id.org/semapv/vocab/releases/2023-03-02/semapv.owl
https://www.ebi.ac.uk/ols4/api/,ols,Ontology Lookup Service,fix,,Physico-chemical methods and properties,http://purl.obolibrary.org/obo/fix.owl,http://purl.obolibrary.org/obo/fix/releases/2020-04-13/fix.owl
https://www.ebi.ac.uk/ols4/api/,ols,Ontology Lookup Service,rex,,Physico-chemical process,http://purl.obolibrary.org/obo/rex.owl,http://purl.obolibrary.org/obo/rex/releases/2017-11-19/rex.owl
https://www.ebi.ac.uk/ols4/api/,ols,Ontology Lookup Service,ceph,,Cephalopod Ontology,http://purl.obolibrary.org/obo/ceph.owl,http://purl.obolibrary.org/obo/ceph/releases/2016-01-12/ceph.owl
https://www.ebi.ac.uk/ols4/api/,ols,Ontology Lookup Service,ehdaa2,,"Human developmental anatomy, abstract",http://purl.obolibrary.org/obo/ehdaa2.owl,http://purl.obolibrary.org/obo/ehdaa2/releases/2013-07-04/ehdaa2.owl
https://www.ebi.ac.uk/ols4/api/,ols,Ontology Lookup Service,gaz,,Gazetteer,http://purl.obolibrary.org/obo/gaz.owl,
https://www.ebi.ac.uk/ols4/api/,ols,Ontology Lookup Service,uniprotrdfs,,,https://ftp.uniprot.org/pub/databases/uniprot/current_release/rdf/core.owl,
https://www.ebi.ac.uk/ols4/api/,ols,Ontology Lookup Service,hra,,,https://cdn.humanatlas.io/digital-objects/collection/hra-ols/latest/graph.ttl,
https://www.ebi.ac.uk/ols4/api/,ols,Ontology Lookup Service,dcat,,,https://www.w3.org/ns/dcat.ttl,
https://www.ebi.ac.uk/ols4/api/,ols,Ontology Lookup Service,biolink,,,https://github.com/biolink/biolink-model/raw/master/project/owl/biolink_model.owl.ttl,
https://www.ebi.ac.uk/ols4/api/,ols,Ontology Lookup Service,oio,,,https://raw.githubusercontent.com/geneontology/go-ontology/master/contrib/oboInOwl,
https://www.ebi.ac.uk/ols4/api/,ols,Ontology Lookup Service,rdfs,,The RDF Schema vocabulary (RDFS),https://www.w3.org/2000/01/rdf-schema,
https://www.ebi.ac.uk/ols4/api/,ols,Ontology Lookup Service,owl,,The OWL 2 Schema vocabulary (OWL 2),https://www.w3.org/2002/07/owl,http://www.w3.org/2002/07/owl
https://www.ebi.ac.uk/ols4/api/,ols,Ontology Lookup Service,skos,,,http://www.w3.org/TR/skos-reference/skos.rdf,
https://www.ebi.ac.uk/ols4/api/,ols,Ontology Lookup Service,dcterms,,,https://www.dublincore.org/specifications/dublin-core/dcmi-terms/dublin_core_terms.rdf,
https://www.ebi.ac.uk/ols4/api/,ols,Ontology Lookup Service,dc,,,https://www.dublincore.org/specifications/dublin-core/dcmi-terms/dublin_core_elements.rdf,
https://www.ebi.ac.uk/ols4/api/,ols,Ontology Lookup Service,schemaorg_http,,,https://schema.org/version/latest/schemaorg-all-http.rdf,
https://www.ebi.ac.uk/ols4/api/,ols,Ontology Lookup Service,schemaorg_https,,,https://schema.org/version/latest/schemaorg-all-https.rdf,
https://www.ebi.ac.uk/ols4/api/,ols,Ontology Lookup Service,idomal,,Malaria Ontology,http://purl.obolibrary.org/obo/idomal.owl,http://purl.obolibrary.org/obo/idomal/2015-03-16/idomal.owl
https://www.ebi.ac.uk/ols4/api/,ols,Ontology Lookup Service,miro,,Mosquito insecticide resistance,http://purl.obolibrary.org/obo/miro.owl,http://purl.obolibrary.org/obo/miro/releases/2014-05-14/miro.owl
https://www.ebi.ac.uk/ols4/api/,ols,Ontology Lookup Service,tads,,Tick Anatomy Ontology,http://purl.obolibrary.org/obo/tads.owl,http://purl.obolibrary.org/obo/tads/2015-08-20/tads.owl
https://www.ebi.ac.uk/ols4/api/,ols,Ontology Lookup Service,tgma,,Mosquito gross anatomy ontology,http://purl.obolibrary.org/obo/tgma.owl,http://purl.obolibrary.org/obo/tgma/releases/2013-06-03/tgma.owl
https://www.ebi.ac.uk/ols4/api/,ols,Ontology Lookup Service,upa,,Unipathway,http://purl.obolibrary.org/obo/upa.owl,http://purl.obolibrary.org/obo/upa/releases/2024-03-06/upa.owl
https://www.ebi.ac.uk/ols4/api/,ols,Ontology Lookup Service,aero,,Adverse Event Reporting Ontology,,
https://www.ebi.ac.uk/ols4/api/,ols,Ontology Lookup Service,bcgo,,Beta Cell Genomics Ontology,,http://purl.obolibrary.org/obo/bcgo/2015-07-08/bcgo.owl
https://www.ebi.ac.uk/ols4/api/,ols,Ontology Lookup Service,bila,,Bilateria anatomy,,http://purl.obolibrary.org/obo/bila/releases/2019-06-12/bila.owl
https://www.ebi.ac.uk/ols4/api/,ols,Ontology Lookup Service,emap,,"Mouse gross anatomy and development, timed",,http://purl.obolibrary.org/obo/emap/releases/2020-04-13/emap.owl
https://www.ebi.ac.uk/ols4/api/,ols,Ontology Lookup Service,fbsp,,Fly taxonomy,,http://purl.obolibrary.org/obo/fbsp/releases/2017-11-19/fbsp.owl
https://www.ebi.ac.uk/ols4/api/,ols,Ontology Lookup Service,omiabis,,Ontologized MIABIS,,
https://www.ebi.ac.uk/ols4/api/,ols,Ontology Lookup Service,tao,,Teleost Anatomy Ontology,,http://purl.obolibrary.org/obo/tao/2012-08-10/tao.owl
https://www.ebi.ac.uk/ols4/api/,ols,Ontology Lookup Service,vsao,,Vertebrate Skeletal Anatomy Ontology-,,http://purl.obolibrary.org/obo/vsao/2012-11-06/vsao.owl
